{
  "classification": {
    "RandomForest": {
      "roc_auc": 0.8289724021014134,
      "pr_auc": 0.32583943752666245,
      "accuracy": 0.8255555555555556
    },
    "XGBoost": {
      "roc_auc": 0.8187128214074717,
      "pr_auc": 0.3333850078200304,
      "accuracy": 0.8179333333333333
    },
    "LightGBM": {
      "roc_auc": 0.8352079410769225,
      "pr_auc": 0.35251763630867544,
      "accuracy": 0.9357555555555556
    },
    "Ensemble": {
      "roc_auc": 0.829811048102374,
      "pr_auc": 0.34526510108851827,
      "accuracy": 0.9034222222222222
    }
  },
  "regression": {
    "rmse": 0.049002744257450104,
    "r2": 0.9993129968643188
  }
}